{"City of Greater Geelong": {"negative": 944, "positive": 2471, "neutral": 3179, "total": 6594, "neg_per": 0.14316044889293297, "neu_per": 0.4821049438883834, "pos_per": 0.3747346072186836}, "Shire of Yarra Ranges": {"negative": 48, "positive": 195, "neutral": 202, "total": 445, "neg_per": 0.10786516853932585, "neu_per": 0.45393258426966293, "pos_per": 0.43820224719101125}, "Alpine Shire": {"negative": 55, "positive": 236, "neutral": 229, "total": 520, "neg_per": 0.10576923076923077, "neu_per": 0.4403846153846154, "pos_per": 0.45384615384615384}, "Bass Coast Shire": {"negative": 92, "positive": 262, "neutral": 343, "total": 697, "neg_per": 0.13199426111908177, "neu_per": 0.4921090387374462, "pos_per": 0.37589670014347204}, "Borough of Queenscliffe": {"negative": 24, "positive": 86, "neutral": 127, "total": 237, "neg_per": 0.10126582278481013, "neu_per": 0.5358649789029536, "pos_per": 0.3628691983122363}, "Cape Bridgewater": {"negative": 0, "positive": 1, "neutral": 0, "total": 1, "neg_per": 0.0, "neu_per": 0.0, "pos_per": 1.0}, "City of Ballara": {"negative": 259, "positive": 774, "neutral": 1141, "total": 2174, "neg_per": 0.11913523459061638, "neu_per": 0.5248390064397425, "pos_per": 0.3560257589696412}, "City of Banyule": {"negative": 0, "positive": 28, "neutral": 16, "total": 44, "neg_per": 0.0, "neu_per": 0.36363636363636365, "pos_per": 0.6363636363636364}, "City of Bayside": {"negative": 11, "positive": 17, "neutral": 31, "total": 59, "neg_per": 0.1864406779661017, "neu_per": 0.5254237288135594, "pos_per": 0.288135593220339}, "City of Boroondara": {"negative": 0, "positive": 7, "neutral": 7, "total": 14, "neg_per": 0.0, "neu_per": 0.5, "pos_per": 0.5}, "City of Brimbank": {"negative": 4, "positive": 24, "neutral": 39, "total": 67, "neg_per": 0.05970149253731343, "neu_per": 0.582089552238806, "pos_per": 0.3582089552238806}, "City of Casey": {"negative": 51, "positive": 45, "neutral": 82, "total": 178, "neg_per": 0.28651685393258425, "neu_per": 0.4606741573033708, "pos_per": 0.25280898876404495}, "City of Darebin": {"negative": 2, "positive": 7, "neutral": 2, "total": 11, "neg_per": 0.18181818181818182, "neu_per": 0.18181818181818182, "pos_per": 0.6363636363636364}, "City of Frankston": {"negative": 3, "positive": 10, "neutral": 6, "total": 19, "neg_per": 0.15789473684210525, "neu_per": 0.3157894736842105, "pos_per": 0.5263157894736842}, "City of Glen Eira": {"negative": 3, "positive": 4, "neutral": 24, "total": 31, "neg_per": 0.0967741935483871, "neu_per": 0.7741935483870968, "pos_per": 0.12903225806451613}, "City of Greater Bendigo": {"negative": 280, "positive": 859, "neutral": 887, "total": 2026, "neg_per": 0.13820335636722605, "neu_per": 0.4378084896347483, "pos_per": 0.42398815399802564}, "City of Greater Dandenong": {"negative": 0, "positive": 1, "neutral": 0, "total": 1, "neg_per": 0.0, "neu_per": 0.0, "pos_per": 1.0}, "City of Greater Shepparton": {"negative": 45, "positive": 173, "neutral": 234, "total": 452, "neg_per": 0.09955752212389381, "neu_per": 0.5176991150442478, "pos_per": 0.3827433628318584}, "City of Hobsons Bay": {"negative": 1, "positive": 4, "neutral": 2, "total": 7, "neg_per": 0.14285714285714285, "neu_per": 0.2857142857142857, "pos_per": 0.5714285714285714}, "City of Hume": {"negative": 75, "positive": 208, "neutral": 210, "total": 493, "neg_per": 0.15212981744421908, "neu_per": 0.4259634888438134, "pos_per": 0.42190669371196754}, "City of Kingston": {"negative": 1, "positive": 7, "neutral": 7, "total": 15, "neg_per": 0.06666666666666667, "neu_per": 0.4666666666666667, "pos_per": 0.4666666666666667}, "City of Knox": {"negative": 3, "positive": 9, "neutral": 10, "total": 22, "neg_per": 0.13636363636363635, "neu_per": 0.45454545454545453, "pos_per": 0.4090909090909091}, "City of Latrobe": {"negative": 134, "positive": 384, "neutral": 475, "total": 993, "neg_per": 0.13494461228600202, "neu_per": 0.4783484390735146, "pos_per": 0.3867069486404834}, "City of Manningham": {"negative": 3, "positive": 11, "neutral": 6, "total": 20, "neg_per": 0.15, "neu_per": 0.3, "pos_per": 0.55}, "City of Maribyrnong": {"negative": 1, "positive": 1, "neutral": 1, "total": 3, "neg_per": 0.3333333333333333, "neu_per": 0.3333333333333333, "pos_per": 0.3333333333333333}, "City of Maroondah": {"negative": 3, "positive": 20, "neutral": 14, "total": 37, "neg_per": 0.08108108108108109, "neu_per": 0.3783783783783784, "pos_per": 0.5405405405405406}, "City of Melbourne": {"negative": 22556, "positive": 62605, "neutral": 85120, "total": 170281, "neg_per": 0.1324633987350321, "neu_per": 0.49987961076103615, "pos_per": 0.36765699050393175}, "City of Melton": {"negative": 122, "positive": 323, "neutral": 418, "total": 863, "neg_per": 0.1413673232908459, "neu_per": 0.4843568945538818, "pos_per": 0.3742757821552723}, "City of Monash": {"negative": 0, "positive": 4, "neutral": 9, "total": 13, "neg_per": 0.0, "neu_per": 0.6923076923076923, "pos_per": 0.3076923076923077}, "City of Moonee Valley": {"negative": 1, "positive": 2, "neutral": 5, "total": 8, "neg_per": 0.125, "neu_per": 0.625, "pos_per": 0.25}, "City of Moreland": {"negative": 0, "positive": 7, "neutral": 9, "total": 16, "neg_per": 0.0, "neu_per": 0.5625, "pos_per": 0.4375}, "City of Port Phillip": {"negative": 8, "positive": 45, "neutral": 55, "total": 108, "neg_per": 0.07407407407407407, "neu_per": 0.5092592592592593, "pos_per": 0.4166666666666667}, "City of Stonnington": {"negative": 3, "positive": 12, "neutral": 12, "total": 27, "neg_per": 0.1111111111111111, "neu_per": 0.4444444444444444, "pos_per": 0.4444444444444444}, "City of Warrnambool": {"negative": 145, "positive": 453, "neutral": 865, "total": 1463, "neg_per": 0.09911141490088858, "neu_per": 0.5912508544087491, "pos_per": 0.30963773069036227}, "City of Whitehorse": {"negative": 2, "positive": 5, "neutral": 2, "total": 9, "neg_per": 0.2222222222222222, "neu_per": 0.2222222222222222, "pos_per": 0.5555555555555556}, "City of Whittlesea": {"negative": 2, "positive": 8, "neutral": 32, "total": 42, "neg_per": 0.047619047619047616, "neu_per": 0.7619047619047619, "pos_per": 0.19047619047619047}, "City of Wodonga": {"negative": 114, "positive": 261, "neutral": 293, "total": 668, "neg_per": 0.17065868263473055, "neu_per": 0.43862275449101795, "pos_per": 0.3907185628742515}, "City of Wyndham": {"negative": 2, "positive": 13, "neutral": 10, "total": 25, "neg_per": 0.08, "neu_per": 0.4, "pos_per": 0.52}, "City of Yarra": {"negative": 9, "positive": 23, "neutral": 28, "total": 60, "neg_per": 0.15, "neu_per": 0.4666666666666667, "pos_per": 0.38333333333333336}, "Colac Otway Shire": {"negative": 46, "positive": 138, "neutral": 149, "total": 333, "neg_per": 0.13813813813813813, "neu_per": 0.44744744744744747, "pos_per": 0.4144144144144144}, "Corangamite Shire": {"negative": 23, "positive": 63, "neutral": 80, "total": 166, "neg_per": 0.13855421686746988, "neu_per": 0.4819277108433735, "pos_per": 0.3795180722891566}, "Golden Plains Shire": {"negative": 8, "positive": 19, "neutral": 19, "total": 46, "neg_per": 0.17391304347826086, "neu_per": 0.41304347826086957, "pos_per": 0.41304347826086957}, "Lockington": {"negative": 2, "positive": 13, "neutral": 14, "total": 29, "neg_per": 0.06896551724137931, "neu_per": 0.4827586206896552, "pos_per": 0.4482758620689655}, "Merricks North": {"negative": 0, "positive": 4, "neutral": 9, "total": 13, "neg_per": 0.0, "neu_per": 0.6923076923076923, "pos_per": 0.3076923076923077}, "Monash": {"negative": 0, "positive": 0, "neutral": 1, "total": 1, "neg_per": 0.0, "neu_per": 1.0, "pos_per": 0.0}, "Portarlington": {"negative": 18, "positive": 106, "neutral": 97, "total": 221, "neg_per": 0.08144796380090498, "neu_per": 0.43891402714932126, "pos_per": 0.4796380090497738}, "Pyrenees Shire": {"negative": 4, "positive": 10, "neutral": 31, "total": 45, "neg_per": 0.08888888888888889, "neu_per": 0.6888888888888889, "pos_per": 0.2222222222222222}, "Rural City of Arara": {"negative": 44, "positive": 66, "neutral": 94, "total": 204,